{"cameraMode":{"drawMode":3,"name":"Shadow Cascades","section":"Miscellaneous"},"sceneLighting":true,"audioPlay":false,"sceneViewState":{"showFog":true,"showMaterialUpdate":false,"showSkybox":true,"showFlares":true,"showImageEffects":true,"showParticleSystems":true},"in2DMode":false,"pivot":{"x":414.1199035644531,"y":383.4604187011719,"z":237.55584716796876},"rotation":{"x":-0.13338831067085267,"y":0.018430175259709359,"z":-0.002480934141203761,"w":-0.9908894300460815},"size":1058.630615234375,"orthographic":false}